compression_ratio,llm_accuracies,llm_stderrs,cut_accuracies,cut_stderrs
0.1,0.313,0.032,0.263,0.0326
0.2,0.293,0.033,0.263,0.0314
0.30000000000000004,0.328,0.033,0.303,0.0332
0.4,0.364,0.034,0.323,0.0341
0.5,0.359,0.034,0.338,0.0339
0.6000000000000001,0.399,0.035,0.363,0.0346
0.7000000000000001,0.434,0.035,0.359,0.0342
0.8,0.434,0.035,0.343,0.0338
0.9,0.52,0.036,0.434,0.0353
1.0,0.534,0.027,0.534,0.027
